{"K": [[515.0, 0.0, 321.56600949168205], [0.0, 515.0, 214.0800018310547], [0.0, 0.0, 1.0]], "resolution": [480, 640]}