{
"0": [{"cam_R_m2c": [-1.0, 0.0, 0.0, 0.0, -1.0, 0.0, 0.0, 0.0, 1.0], "cam_t_m2c": [0.0, 0.0, -1000.0], "obj_id": 1}],
"1": [{"cam_R_m2c": [0.9510580534211469, 0.2628626464812656, 0.1624555573307486, -0.3090122635475475, 0.8090217326961737, 0.49999525698000574, 0.0, -0.5257252753198635, 0.8506544156647009], "cam_t_m2c": [-162.45555877685547, -499.99526143074036, -850.6544232368469], "obj_id": 1}],
"2": [{"cam_R_m2c": [-0.9510580534211469, 0.2628626464812656, 0.1624555573307486, -0.3090122635475475, -0.8090217326961737, -0.49999525698000574, -0.0, -0.5257252753198635, 0.8506544156647009], "cam_t_m2c": [-162.45555877685547, 499.99526143074036, -850.6544232368469], "obj_id": 1}],
"3": [{"cam_R_m2c": [-0.5877807497417306, -0.6881964846050354, -0.425322687862193, 0.8090202656504032, -0.49999816180818485, -0.30901140424810725, 0.0, -0.5257256287891124, 0.8506541972119414], "cam_t_m2c": [425.32268166542053, 309.01139974594116, -850.6541848182678], "obj_id": 1}],
"4": [{"cam_R_m2c": [0.5877807497417306, -0.6881964846050354, -0.425322687862193, 0.8090202656504032, 0.49999816180818485, 0.30901140424810725, 0.0, -0.5257256287891124, 0.8506541972119414], "cam_t_m2c": [425.32268166542053, -309.01139974594116, -850.6541848182678], "obj_id": 1}],
"5": [{"cam_R_m2c": [0.0, 0.850651647447956, 0.5257297544309991, -1.0, 0.0, 0.0, 0.0, -0.5257297544309991, 0.850651647447956], "cam_t_m2c": [-525.729775428772, 0.0, -850.6516814231873], "obj_id": 1}],
"6": [{"cam_R_m2c": [-0.9510547867761635, -0.16246467146755925, -0.2628688324527734, 0.30902231723638707, -0.500005322796943, -0.8090116715008373, 0.0, -0.8506467584724361, 0.5257376649055469], "cam_t_m2c": [262.86882162094116, 809.0116381645203, -525.7376432418823], "obj_id": 1}],
"7": [{"cam_R_m2c": [0.9510547867761635, -0.16246467146755925, -0.2628688324527734, 0.30902231723638707, 0.500005322796943, 0.8090116715008373, 0.0, -0.8506467584724361, 0.5257376649055469], "cam_t_m2c": [262.86882162094116, -809.0116381645203, -525.7376432418823], "obj_id": 1}],
"8": [{"cam_R_m2c": [0.5877837697273323, 0.42533006960915193, 0.6881893430818298, -0.8090180715194973, 0.30901919313582465, 0.49999689821893634, 0.0, -0.8506476768674314, 0.5257361789339231], "cam_t_m2c": [-688.1893873214722, -499.99693036079407, -525.7362127304077], "obj_id": 1}],
"9": [{"cam_R_m2c": [-0.5877837697273323, 0.42533006960915193, 0.6881893430818298, -0.8090180715194973, -0.30901919313582465, -0.49999689821893634, -0.0, -0.8506476768674314, 0.5257361789339231], "cam_t_m2c": [-688.1893873214722, 499.99693036079407, -525.7362127304077], "obj_id": 1}],
"10": [{"cam_R_m2c": [0.0, -0.5257359028312409, -0.8506478475104842, 1.0, 0.0, 0.0, 0.0, -0.8506478475104843, 0.5257359028312408], "cam_t_m2c": [850.6478667259216, 0.0, -525.7359147071838], "obj_id": 1}],
"11": [{"cam_R_m2c": [0.9510580516105515, 0.13819641637128674, 0.2763880116229275, -0.3090122691200813, 0.4253320260321511, 0.8506492139328903, 0.0, -0.89442407063625, 0.4472198361728609], "cam_t_m2c": [-276.388019323349, -850.6492376327515, -447.2198486328125], "obj_id": 1}],
"12": [{"cam_R_m2c": [-0.9510580516105515, 0.13819641637128674, 0.2763880116229275, -0.3090122691200813, -0.4253320260321511, -0.8506492139328903, -0.0, -0.89442407063625, 0.4472198361728609], "cam_t_m2c": [-276.388019323349, 850.6492376327515, -447.2198486328125], "obj_id": 1}],
"13": [{"cam_R_m2c": [-0.5877807349587, -0.3618096742091508, -0.7236073294681852, 0.8090202763907778, -0.262867028711033, -0.5257253252461997, 0.0, -0.8944242197443566, 0.4472195379617251], "cam_t_m2c": [723.6073017120361, 525.7253050804138, -447.21952080726624], "obj_id": 1}],
"14": [{"cam_R_m2c": [0.5877807349587, -0.3618096742091508, -0.7236073294681852, 0.8090202763907778, 0.262867028711033, 0.5257253252461997, 0.0, -0.8944242197443566, 0.4472195379617251], "cam_t_m2c": [723.6073017120361, -525.7253050804138, -447.21952080726624], "obj_id": 1}],
"15": [{"cam_R_m2c": [0.0, 0.44721559821481854, 0.8944261896396829, -1.0, 0.0, 0.0, 0.0, -0.8944261896396829, 0.44721559821481854], "cam_t_m2c": [-894.4262266159058, 0.0, -447.21561670303345], "obj_id": 1}],
"16": [{"cam_R_m2c": [0.8090167281328587, 0.0, 0.587785618743096, -0.587785618743096, 0.0, 0.8090167281328587, 0.0, -1.0, 0.0], "cam_t_m2c": [-587.7856016159058, -809.0167045593262, 0.0], "obj_id": 1}],
"17": [{"cam_R_m2c": [0.30901264684414187, 0.0, 0.9510579288825564, -0.9510579288825564, 0.0, 0.30901264684414187, 0.0, -1.0, 0.0], "cam_t_m2c": [-951.0578513145447, -309.01262164115906, 0.0], "obj_id": 1}],
"18": [{"cam_R_m2c": [-0.30901264684414187, 0.0, 0.9510579288825564, -0.9510579288825564, 0.0, -0.30901264684414187, -0.0, -1.0, 0.0], "cam_t_m2c": [-951.0578513145447, 309.01262164115906, 0.0], "obj_id": 1}],
"19": [{"cam_R_m2c": [-0.8090167281328587, 0.0, 0.587785618743096, -0.587785618743096, 0.0, -0.8090167281328587, -0.0, -1.0, 0.0], "cam_t_m2c": [-587.7856016159058, 809.0167045593262, 0.0], "obj_id": 1}],
"20": [{"cam_R_m2c": [-1.0, 0.0, 0.0, -0.0, 0.0, -1.0, -0.0, -1.0, 0.0], "cam_t_m2c": [0.0, 999.9999403953552, 0.0], "obj_id": 1}],
"21": [{"cam_R_m2c": [-0.8090167281328587, -0.0, -0.587785618743096, 0.587785618743096, 0.0, -0.8090167281328587, 0.0, -1.0, 0.0], "cam_t_m2c": [587.7856016159058, 809.0167045593262, 0.0], "obj_id": 1}],
"22": [{"cam_R_m2c": [-0.30901264684414187, -0.0, -0.9510579288825564, 0.9510579288825564, 0.0, -0.30901264684414187, 0.0, -1.0, 0.0], "cam_t_m2c": [951.0578513145447, 309.01262164115906, 0.0], "obj_id": 1}],
"23": [{"cam_R_m2c": [0.30901264684414187, 0.0, -0.9510579288825564, 0.9510579288825564, 0.0, 0.30901264684414187, 0.0, -1.0, 0.0], "cam_t_m2c": [951.0578513145447, -309.01262164115906, 0.0], "obj_id": 1}],
"24": [{"cam_R_m2c": [0.8090167281328587, 0.0, -0.587785618743096, 0.587785618743096, 0.0, 0.8090167281328587, 0.0, -1.0, 0.0], "cam_t_m2c": [587.7856016159058, -809.0167045593262, 0.0], "obj_id": 1}],
"25": [{"cam_R_m2c": [1.0, 0.0, 0.0, -0.0, 0.0, 1.0, 0.0, -1.0, 0.0], "cam_t_m2c": [0.0, -999.9999403953552, 0.0], "obj_id": 1}],
"26": [{"cam_R_m2c": [0.0, 0.44721559821481854, -0.8944261896396829, 1.0, 0.0, 0.0, 0.0, -0.8944261896396829, -0.44721559821481854], "cam_t_m2c": [894.4262266159058, 0.0, 447.21561670303345], "obj_id": 1}],
"27": [{"cam_R_m2c": [0.5877807349587, -0.3618096742091508, 0.7236073294681852, -0.8090202763907778, -0.262867028711033, 0.5257253252461997, 0.0, -0.8944242197443566, -0.4472195379617251], "cam_t_m2c": [-723.6073017120361, -525.7253050804138, 447.21952080726624], "obj_id": 1}],
"28": [{"cam_R_m2c": [-0.5877807349587, -0.3618096742091508, 0.7236073294681852, -0.8090202763907778, 0.262867028711033, -0.5257253252461997, -0.0, -0.8944242197443566, -0.4472195379617251], "cam_t_m2c": [-723.6073017120361, 525.7253050804138, 447.21952080726624], "obj_id": 1}],
"29": [{"cam_R_m2c": [-0.9510580516105515, 0.13819641637128674, -0.2763880116229275, 0.3090122691200813, 0.4253320260321511, -0.8506492139328903, 0.0, -0.89442407063625, -0.4472198361728609], "cam_t_m2c": [276.388019323349, 850.6492376327515, 447.2198486328125], "obj_id": 1}],
"30": [{"cam_R_m2c": [0.9510580516105515, 0.13819641637128674, -0.2763880116229275, 0.3090122691200813, -0.4253320260321511, 0.8506492139328903, 0.0, -0.89442407063625, -0.4472198361728609], "cam_t_m2c": [276.388019323349, -850.6492376327515, 447.2198486328125], "obj_id": 1}],
"31": [{"cam_R_m2c": [0.0, -0.5257359028312409, 0.8506478475104842, -1.0, -0.0, 0.0, 0.0, -0.8506478475104843, -0.5257359028312408], "cam_t_m2c": [-850.6478667259216, 0.0, 525.7359147071838], "obj_id": 1}],
"32": [{"cam_R_m2c": [-0.5877837697273323, 0.42533006960915193, -0.6881893430818298, 0.8090180715194973, 0.30901919313582465, -0.49999689821893634, 0.0, -0.8506476768674314, -0.5257361789339231], "cam_t_m2c": [688.1893873214722, 499.99693036079407, 525.7362127304077], "obj_id": 1}],